Story ID,Phase,Epic,Summary,Story,Acceptance Criteria,Story Points,Suggested Sprint
S1.1,Phase 1,E1.1 Platform-ready client architecture,Shared platform service interface,"As a developer, I can call auth, storage, and presence through one PlatformServices interface.","Web and Steam adapters compile against the same interface; Game boot selects adapter by build target; No direct Steam API usage outside steam adapter",3,Sprint 1
S1.2,Phase 1,E1.1 Platform-ready client architecture,Steam build profile and packaging,"As a developer, I can produce a Steam-ready build from CI.","CI outputs signed artefact for Steam upload; Build contains no CDN/runtime network dependency for core gameplay; Smoke test launches the packaged build locally",5,Sprint 2
S1.3,Phase 1,E1.1 Platform-ready client architecture,Runtime feature flags,"As a developer, I can enable or disable online, ranked, and debug features per environment.","Flags are loaded from environment or config; Dev, staging, and production configs are separate; Disabled features are hidden from UI",2,Done
S1.4,Phase 1,E1.2 Determinism and rollback prerequisites,Deterministic RNG policy,"As a developer, I can guarantee deterministic random behaviour by seed and frame.","All random calls in sim use one deterministic RNG utility; Seed can be set at match start; Replay with same seed and inputs produces same checksum sequence",3,Sprint 1
S1.5,Phase 1,E1.2 Determinism and rollback prerequisites,Full state serialise and restore,"As a developer, I can save and restore full simulation state at any frame.","State snapshot includes all fields needed for deterministic replay; Restore rewinds and resumes without crash; Snapshot and restore are covered by tests",5,Sprint 2
S1.6,Phase 1,E1.2 Determinism and rollback prerequisites,Frame checksum and replay runner,"As QA, I can run a replay and detect divergence by checksum.","CLI takes input log and produces frame checksums; CI fails on checksum mismatch; Report includes first divergent frame",5,Sprint 2
S1.7,Phase 1,E1.3 Accounts and profile baseline,Account schema and identity linking,"As an operator, I can link one account to Steam and web identities.","Tables exist for accounts and identities; Uniqueness rules prevent duplicate provider identity links; Audit trail records linking events",3,Sprint 1
S1.8,Phase 1,E1.3 Accounts and profile baseline,Profile API,"As a player, I can persist profile settings and preferred input layout.","Authenticated GET and PUT /profile endpoints exist; Server validation enforces schema and bounds; Client caches profile for offline fallback",3,Sprint 1
S1.9,Phase 1,E1.3 Accounts and profile baseline,Steam sign-in path,"As a Steam player, I can sign in and load my profile automatically.","Steam auth token exchange endpoint exists; Account is created or linked on first sign-in; Failed auth shows a clear recovery message",5,Sprint 2
S1.10,Phase 1,E1.4 Training mode and frame-data tooling,Training mode sandbox loop,"As a player, I can launch a no-win training session for drills and matchup practice.","Training mode can be started from home menu without affecting match records; Round timer and win conditions are disabled in training mode; Training restart is available without returning to home menu",3,Done
S1.11,Phase 1,E1.4 Training mode and frame-data tooling,Move frame-data registry,"As a combat designer, I can maintain startup, active, and recovery frame data per move in one data registry.","Each combat move has explicit frame data values startup, active, recovery, and whiff recovery where relevant; Simulation consumes frame data from the registry rather than scattered hardcoded timings; Frame data uses 60Hz frame units and is easy to rebalance",5,Sprint 3
S1.12,Phase 1,E1.4 Training mode and frame-data tooling,Frame data visualiser overlay,"As a player, I can view frame data overlays in training mode.","Overlay shows move frame data values from the registry for both players; Overlay can be shown or hidden with keyboard and controller; Overlay has negligible impact on frame pacing on baseline hardware",5,Sprint 3
S1.13,Phase 1,E1.5 Visual content pipeline and asset strategy,Asset manifest and loader abstraction,"As a developer, I can register and load visual assets from manifests rather than hardcoded file paths.","Manifest format supports models, sprites, textures, audio, and shader config references; Loader supports async preloading with progress and error reporting; Missing or invalid assets fail with clear diagnostics",3,Sprint 5
S1.14,Phase 1,E1.5 Visual content pipeline and asset strategy,Character visual profile abstraction (3D, sprite, hybrid),"As a designer, I can assign a character to 3D, sprite, or hybrid visual presentation without changing sim code.","Character visual profile maps gameplay ids to renderer assets and animation sets; Renderer supports at least one 3D profile and one sprite profile behind one interface; Existing placeholder fighters continue working through the profile system",5,Sprint 5
S1.15,Phase 1,E1.5 Visual content pipeline and asset strategy,VFX event binding and tuning presets,"As a VFX designer, I can configure boost, launch, parry, projectile, and dunk effects from data.","View layer binds sim combat events to VFX presets; VFX presets support particles, trails, flashes, and sound cues; Preset values are editable from data files without gameplay code edits",3,Sprint 5
S1.16,Phase 1,E1.5 Visual content pipeline and asset strategy,Asset budgets and validation checks,"As a technical artist, I can enforce asset budgets so memory and performance stay stable.","Budget targets exist for texture memory, mesh complexity, and VFX counts; Build-time validation reports assets that exceed budgets; Runtime debug panel shows key memory counters in dev builds",5,Sprint 5
S1.17,Phase 1,E1.6 Audio pipeline (SFX, music, voice lines),Audio event bus and routing,"As a developer, I can drive SFX, music, and voice lines from gameplay events through one audio interface.","Sim or view events map to typed audio events without hardcoded clip paths in gameplay logic; Audio routing supports buses for master, music, SFX, and voice; Missing audio events fail with clear diagnostics in dev builds",3,Sprint 6
S1.18,Phase 1,E1.6 Audio pipeline (SFX, music, voice lines),Adaptive music state system,"As a player, music transitions reflect match state and intensity.","Music supports layered or state-based playback for menu, neutral, launch, and end states; Transitions use configurable fades and do not click or pop; Music system supports deterministic triggers for replay consistency where required",5,Sprint 6
S1.19,Phase 1,E1.6 Audio pipeline (SFX, music, voice lines),Voice line and callout system,"As a designer, I can configure character voice lines for key actions and outcomes.","Voice line tables are data-driven per character and event; Trigger rules support cooldowns, priorities, and anti-spam limits; System supports locale-specific voice packs and safe fallback when files are missing",3,Sprint 6
S1.20,Phase 1,E1.6 Audio pipeline (SFX, music, voice lines),Mix, loudness, and accessibility controls,"As a player, I can control audio mix and keep speech understandable during intense action.","Expose volume sliders for master, music, SFX, and voice in settings; Implement ducking rules so voice or important cues remain audible during heavy effects; Add accessibility options for dynamic range mode and persistent subtitle toggles for voice lines",5,Sprint 6
S1.21,Phase 1,E1.7 Enemy AI and arcade mode,Enemy AI behaviour framework,"As a developer, I can run deterministic enemy decision logic from the simulation layer.","AI policy runs in src/sim without renderer or DOM dependencies; AI input output uses the same FrameInput structure as human players; AI ticks are deterministic under fixed seed and fixed timestep replay",5,Sprint 7
S1.22,Phase 1,E1.7 Enemy AI and arcade mode,AI difficulty profiles,"As a player, I can choose AI difficulty that changes aggression, defence, and error rate.","At least four difficulty profiles exist and are data-driven; Difficulty profiles control reaction delays, action weighting, and risk appetite; Difficulty selection is available from menu and persists in profile settings",3,Sprint 7
S1.23,Phase 1,E1.7 Enemy AI and arcade mode,Single-player arcade mode flow,"As a player, I can play an arcade ladder against multiple AI opponents.","Arcade mode includes staged opponent progression and a final encounter; Continue and retry rules are configurable; Arcade completion summary screen is implemented",5,Sprint 7
S1.24,Phase 1,E1.7 Enemy AI and arcade mode,Arcade rewards and run history,"As a player, I can see recent arcade runs and best completion records.","Run summaries store character, difficulty, result, and completion time; Best records are shown per character and difficulty; History storage works offline and syncs when account services are available",3,Sprint 7
S2.1,Phase 2,E2.1 Rollback netcode,Input timeline buffer,"As a developer, I can buffer local and remote inputs by frame id.","Input buffer supports lookup by frame for both players; Late input replacement path is implemented; Unit tests cover missing and out-of-order packets",3,Done
S2.2,Phase 2,E2.1 Rollback netcode,Prediction and rollback resimulation,"As a player, gameplay remains responsive while waiting for remote input.","Local prediction uses last known remote input; Rollback occurs when authoritative remote input differs; Resimulation completes within target frame budget on baseline hardware",8,Done
S2.3,Phase 2,E2.1 Rollback netcode,Match synchronisation diagnostics,"As QA, I can inspect rollback count, max rollback depth, and desync events.","Per-match diagnostics are emitted and stored; In-game debug overlay shows rollback metrics in dev builds; Desync event includes frame id and checksums",3,Done
S2.4,Phase 2,E2.2 Matchmaking and sessions,Queue service with region buckets,"As a player, I am matched by queue and region.","Queues exist for unranked and ranked; Region preferences are applied; Match start payload contains session token and peer metadata",5,Done
S2.5,Phase 2,E2.2 Matchmaking and sessions,Session and reconnect flow,"As a player, I can reconnect during short disconnects.","Session tokens have expiry and replay protection; Reconnect grace window is configurable; Match resolves if reconnect fails after timeout",5,Done
S2.6,Phase 2,E2.2 Matchmaking and sessions,NAT traversal support,"As a player, I can connect in restrictive home network conditions.","STUN and TURN are configured; Connection fallback to relay is automatic; Telemetry tracks direct vs relay usage by region",3,Done
S2.10,Phase 2,E2.4 Custom rooms and private lobbies,Private room lifecycle,"As a player, I can create a private room and invite another player directly.","Room codes are generated server-side and expire after configurable idle timeout; Host can start and close room sessions; Invite path works for both web and Steam friend flows",5,Done
S2.11,Phase 2,E2.4 Custom rooms and private lobbies,Room join and spectator permissions,"As a player, I can join by room code and follow room access rules.","Join by code validates region and version compatibility; Host can lock room and control spectator allowance; Join failures return clear recovery messages",3,Done
S2.12,Phase 2,E2.4 Custom rooms and private lobbies,Room rematch and character select flow,"As a room participant, I can rematch without re-creating the room.","Character select and ready checks run per rematch; Rematch keeps room membership while resetting match state; Room history stores match ids and outcomes for audit",5,Done
S2.13,Phase 2,E2.5 Replay archive and review,Compact replay payload format,"As a platform engineer, I can store replays in a low-weight format that stays deterministic.","Replay payload stores seed, ruleset version, and frame input timeline rather than full-frame world snapshots; Payload schema has explicit versioning so old replays fail gracefully instead of crashing; Median replay payload size target is defined and measured in CI fixtures",5,Done
S2.14,Phase 2,E2.5 Replay archive and review,Replay ingest and persistence,"As an operator, I can persist completed matches as searchable replay records.","Match metadata is stored in PostgreSQL and replay payload blobs are stored in object storage; Metadata includes both players, characters, match type, patch version, outcome, and duration; Replay retention policy and deletion flow are documented",5,Done
S2.15,Phase 2,E2.5 Replay archive and review,Replay search API with player filters,"As a player, I can search replay history by player and matchup criteria.","API supports filters for player id, opponent id, character, matchup, queue type, date range, and patch version; Search is paginated and index-backed; API returns replay summaries plus a stable replay id for playback",3,Done
S2.16,Phase 2,E2.5 Replay archive and review,Replay review viewer with inputs and frame data,"As a competitive player, I can review replays with both input history and frame-data overlays.","Replay viewer shows both players' inputs on the timeline; Frame-data overlay shows startup, active, recovery, hit or block outcomes, and advantage markers from replay events; Playback supports pause, frame-step, speed controls, and jump-to-round",5,Done
S2.7,Phase 2,E2.3 Ranked and progression,Rating engine service,"As a player, I receive consistent rating updates after ranked matches.","Rating service applies an Elo-like model consistently; Pre and post ratings are stored with each match result; Draw and forfeit cases are covered by tests",5,Done
S2.8,Phase 2,E2.3 Ranked and progression,Season model and leaderboard API,"As a player, I can view season rank and leaderboard position.","Seasons have start and end windows; Leaderboard API supports pagination and region filters; Season reset job archives previous season standings",3,Done
S2.9,Phase 2,E2.3 Ranked and progression,Match result validation,"As an operator, I can trust ranked results against basic tampering.","Result submission requires valid session token; Server verifies expected participants and match id; Suspicious submissions are flagged for review",5,Done
S2.17,Phase 2,E2.3 Ranked and progression,League ladder model (Iron to Platinum),"As a ranked player, I can progress through leagues from Iron to Platinum with transparent promotion rules.","League tiers include Iron, Bronze, Silver, Gold, and Platinum; Elo-like league points define promotion and demotion thresholds; Placement flow assigns initial league after calibration matches",5,Done
S2.18,Phase 2,E2.3 Ranked and progression,Master rating (MR) track,"As a top ranked player, I can enter a Master rating track with MR-style points.","Players reaching configured threshold can enter Master track; MR points update each match with queue-appropriate weighting; Master leaderboard API and season reset rules are defined",5,Done
S2.19,Phase 2,E2.3 Ranked and progression,Ranked matchmaking uses league and MR,"As a player, I get ranked opponents based on league and rating proximity.","Matchmaking search uses league bands plus rating window expansion over time; Master-track matchmaking uses MR bands with region latency constraints; Queue diagnostics capture expected rating gap and final matched gap",3,Done
S2.20,Phase 2,E2.3 Ranked and progression,Ranked progression UX and anti-smurf rules,"As a player, I can understand progression and protections against obvious smurfing.","Ranked UI shows current league, points to next promotion, and recent trend; Placement and provisional periods are clearly labelled; Anti-smurf heuristics and escalation policy are documented for operations",3,Done
S2.21,Phase 2,E2.7 Online Dev UI and test harness,Online dev menu shell and feature gating,"As a developer, I can open one in-game Online Dev menu to test backend flows quickly.","Online Dev menu is available in web dev builds behind feature flag; Menu supports keyboard and controller navigation; Menu sections are split by matchmaking, rooms, replay, and ranked",3,Done
S2.22,Phase 2,E2.7 Online Dev UI and test harness,Matchmaking queue test panel,"As a developer, I can test queue join and leave and session polling from the client UI.","Panel supports region and queue selection and join/leave actions; Ticket and session state updates are shown live with clear error messages; Reconnect token and grace state are visible for debugging",5,Done
S2.23,Phase 2,E2.7 Online Dev UI and test harness,Private room and lobby test panel,"As a developer, I can create and manage private rooms and rematches without API tooling.","Panel supports create room, join by code, lock toggle, spectator toggle, start, rematch, and close; Invite payload preview is available for web and Steam formats; Room history and active phase are visible",5,Done
S2.24,Phase 2,E2.7 Online Dev UI and test harness,Replay search and playback integration UI,"As a player, I can search my replay archive and launch replay review from in-game UI.","Replay search form supports player, opponent, character, matchup, queue, date, and patch filters; Results list is cursor-paginated with clear loading and error states; Selecting a result loads replay payload and opens replay review viewer",5,Done
S2.25,Phase 2,E2.7 Online Dev UI and test harness,Ranked progression dev panel,"As a developer, I can inspect rating, league, and season fields in one UI while testing ranked flow.","Panel shows current rating, league tier, league points, MR points, and provisional state; Recent match result deltas are shown with pre and post values; Panel gracefully handles missing ranked data while APIs are incomplete",3,Done
S2.26,Phase 2,E2.7 Online Dev UI and test harness,Online diagnostics overlay and export,"As QA, I can capture an online test report without opening browser dev tools.","Overlay shows rollback counters, RTT, packet loss, relay or direct path, queue wait time, and session ids; Export button copies diagnostics JSON including build, ruleset, and account ids; Diagnostics collection can be toggled per environment flag",3,Done
S2.27,Phase 2,E2.8 Account and social platform services,Account lifecycle and sign-up flow (web-first, Steam-ready),"As a player, I can create an account and persist identity across sessions.","Web sign-up and sign-in flows exist with guest-to-account upgrade path; Account model supports linked platform identities without duplicate ownership; Recovery and error flows are documented for invalid, duplicate, and disabled accounts",5,Done
S2.28,Phase 2,E2.8 Account and social platform services,Steam identity link and account merge policy,"As a player, I can link Steam to an existing account or create one on first Steam sign-in.","Steam token exchange path links provider identity to internal account id; Merge policy exists for guest or web account linking into Steam-linked account; Audit events capture link, unlink, and merge operations",5,Backlog
S2.29,Phase 2,E2.8 Account and social platform services,Friends graph schema and API,"As a player, I can add, accept, remove, and list friends.","Friend request and friendship tables support pending, accepted, declined, cancelled, and blocked states; API supports send, accept, decline, remove, block, and list operations; Queries are index-backed for large friend lists",5,Done
S2.30,Phase 2,E2.8 Account and social platform services,Presence and friend invite service,"As a player, I can see friend status and send invites into rooms or queues.","Presence service exposes online status and current activity privacy-safe fields; Invite payload supports room code and platform-aware deep links for web and Steam; Presence and invite events are rate-limited and audited",3,Done
S2.31,Phase 2,E2.8 Account and social platform services,Client friends and account UI,"As a player, I can manage account identity and friends in-game.","UI supports sign-in state, linked identities, friend list, friend requests, and invite actions; UI is usable with keyboard and controller; Errors and empty states are explicit and actionable",5,Done
S2.32,Phase 2,E2.8 Account and social platform services,Privacy, moderation, and parental-safe social controls,"As an operator, I can enforce safe social interactions across platforms.","Block list and muted-player controls apply to friend requests and invites; Privacy settings support presence visibility and invite permissions; Moderation events are auditable with actor, reason, and timestamp",3,Done
S3.1,Phase 3,E3.1 Production hardening,SLOs and alerting,"As an operator, I can monitor reliability against defined service goals.","Availability, latency, and error SLOs are defined; Alerts are configured with escalation policy; Weekly SLO report is generated automatically",3,Done
S3.2,Phase 3,E3.1 Production hardening,Backup and disaster recovery drills,"As an operator, I can recover critical data within target windows.","Automated backups for Postgres and Redis are configured; Restore drill is run and documented; RPO and RTO targets are validated",5,Done
S3.3,Phase 3,E3.1 Production hardening,Safe deployment strategy,"As a developer, I can roll out releases with low player risk.","Canary or blue/green release path exists; Automatic rollback on key error thresholds; Schema migration workflow supports backward compatibility",5,Done
S3.4,Phase 3,E3.2 Integrity and trust upgrades,Ranked anomaly detection,"As an operator, I can detect suspicious ranked behaviour automatically.","Anomaly rules exist for impossible match cadence and rating jumps; Alerts include account and match references; False positive review flow is documented",3,Done
S3.5,Phase 3,E3.2 Integrity and trust upgrades,Enforcement tooling,"As support, I can apply temporary and permanent sanctions.","Admin panel supports warning, suspension, and ban actions; All actions are auditable with actor identity; Appeal status can be tracked",3,Done
S3.6,Phase 3,E3.3 Console readiness (far future),Platform compliance gap audit,"As a producer, I can identify major gaps before console onboarding.","Checklist covers save rules, entitlement checks, suspend or resume, and privacy; Gap report is prioritised by risk and effort; Report is reviewed with engineering and production",2,Done
S3.7,Phase 3,E3.3 Console readiness (far future),Console-safe persistence abstraction,"As a developer, I can swap persistence implementation per platform without gameplay code changes.","Persistence adapter interface is platform agnostic; Web and Steam implementations pass shared test suite; Unsupported operations fail safely",3,Done
